1,"Eldon Base for stackable storage shelf, platinum",Muhammed MacIntyre,1
2,"1.7 Cubic Foot Compact ""Cube"" Office Refrigerators",Barry French,1
3,"Cardinal Slant-D� Ring Binder, Heavy Gauge Vinyl",Barry French,1
4,R380,Clay Rozendal,1
5,Holmes HEPA Air Purifier,Carlos Soltero,1
6,G.E. Longer-Life Indoor Recessed Floodlight Bulbs,Carlos Soltero,1
7,"Angle-D Binders with Locking Rings, Label Holders",Carl Jackson,1
8,"SAFCO Mobile Desk Side File, Wire Frame",Carl Jackson,1
9,"SAFCO Commercial Wire Shelving, Black",Monica Federle,1
10,Xerox 198,Dorothy Badders,0
